{
  "type": "minecraft:crafting_shaped",
  "group": "enchants",
  "category": "equipment",
  "pattern": [
    "cir",
    "dbd",
    "ric"
  ],
  "key": {
    "d": [
      "minecraft:diamond_block"
    ],
    "b": [
      "minecraft:book"
    ],
    "r": [
      "minecraft:diamond_pickaxe"
    ],
    "c": [
      "minecraft:water_bucket"
    ],
    "i": [
      "minecraft:iron_block"
    ]
  },
  "result": {
    "id": "minecraft:enchanted_book",
    "components": {
      "minecraft:stored_enchantments": {
        "minecraft:aqua_affinity": 1
      }
    }
  }
}