{
  "type": "minecraft:crafting_shaped",
  "group": "enchants",
  "category": "equipment",
  "pattern": [
    "idr",
    "dbd",
    "rdi"
  ],
  "key": {
    "d": [
      "minecraft:diamond_block"
    ],
    "b": [
      "minecraft:book"
    ],
    "i": [
      "minecraft:tnt",
      "minecraft:gunpowder"
    ],
    "r": [
      "minecraft:gunpowder",
      "minecraft:tnt"
    ]
  },
  "result": {
    "id": "minecraft:enchanted_book",
    "components": {
      "minecraft:stored_enchantments": {
        "minecraft:blast_protection": 4
      }
    }
  }
}