{
  "type": "minecraft:crafting_shaped",
  "group": "enchants",
  "category": "equipment",
  "pattern": [
    "cdr",
    "dbd",
    "rdc"
  ],
  "key": {
    "d": [
      "minecraft:diamond_block"
    ],
    "b": [
      "minecraft:book"
    ],
    "r": [
      "minecraft:end_rod"
    ],
    "c": [
      "minecraft:iron_chestplate"
    ],
    "i": [
      "minecraft:iron_block"
    ]
  },
  "result": {
    "id": "minecraft:enchanted_book",
    "components": {
      "minecraft:stored_enchantments": {
        "minecraft:breach": 4
      }
    }
  }
}