{
  "type": "minecraft:crafting_shaped",
  "group": "enchants",
  "category": "equipment",
  "pattern": [
    "ror",
    "dbd",
    "ror"
  ],
  "key": {
    "d": [
      "minecraft:diamond_block"
    ],
    "b": [
      "minecraft:book"
    ],
    "r": [
      "minecraft:lightning_rod"
    ],
    "o": [
      "minecraft:iron_block"
    ]
  },
  "result": {
    "id": "minecraft:enchanted_book",
    "components": {
      "minecraft:stored_enchantments": {
        "minecraft:channeling": 1
      }
    }
  }
}