{
  "type": "minecraft:crafting_shaped",
  "group": "enchants",
  "category": "equipment",
  "pattern": [
    "rdc",
    "dbd",
    "idr"
  ],
  "key": {
    "d": [
      "minecraft:iron_ingot"
    ],
    "b": [
      "minecraft:book"
    ],
    "r": [
      "minecraft:breeze_rod"
    ],
    "c": [
      "minecraft:heavy_core"
    ],
    "i": [
      "minecraft:iron_block"
    ]
  },
  "result": {
    "id": "minecraft:enchanted_book",
    "components": {
      "minecraft:stored_enchantments": {
        "minecraft:density": 3
      }
    }
  }
}