{
  "type": "minecraft:crafting_shaped",
  "group": "enchants",
  "category": "equipment",
  "pattern": [
    "ldl",
    "dbd",
    "ldc"
  ],
  "key": {
    "l": [
      "minecraft:lava_bucket"
    ],
    "d": [
      "minecraft:diamond_block"
    ],
    "b": [
      "minecraft:book"
    ],
    "c": [
      "minecraft:diamond_chestplate"
    ]
  },
  "result": {
    "id": "minecraft:enchanted_book",
    "components": {
      "minecraft:stored_enchantments": {
        "minecraft:fire_protection": 4
      }
    }
  }
}