{
  "type": "minecraft:crafting_shaped",
  "group": "enchants",
  "category": "equipment",
  "pattern": [
    "tda",
    "dbd",
    "tdt"
  ],
  "key": {
    "d": [
      "minecraft:iron_block"
    ],
    "b": [
      "minecraft:book"
    ],
    "t": [
      "minecraft:iron_pickaxe"
    ],
    "a": [
      "minecraft:diamond"
    ]
  },
  "result": {
    "id": "minecraft:enchanted_book",
    "components": {
      "minecraft:stored_enchantments": {
        "minecraft:fortune": 2
      }
    }
  }
}