{
  "type": "minecraft:crafting_shaped",
  "group": "enchants",
  "category": "equipment",
  "pattern": [
    "sda",
    "dbd",
    "tds"
  ],
  "key": {
    "d": [
      "minecraft:iron_block"
    ],
    "b": [
      "minecraft:book"
    ],
    "t": [
      "minecraft:blue_ice"
    ],
    "a": [
      "minecraft:diamond_boots"
    ],
    "s": [
      "minecraft:packed_ice"
    ]
  },
  "result": {
    "id": "minecraft:enchanted_book",
    "components": {
      "minecraft:stored_enchantments": {
        "minecraft:frost_walker": 2
      }
    }
  }
}