{
  "type": "minecraft:crafting_shaped",
  "group": "enchants",
  "category": "equipment",
  "pattern": [
    "sda",
    "ibi",
    "ads"
  ],
  "key": {
    "d": [
      "minecraft:diamond_block"
    ],
    "b": [
      "minecraft:book"
    ],
    "a": [
      "minecraft:prismarine"
    ],
    "s": [
      "minecraft:iron_sword"
    ],
    "i": [
      "minecraft:iron_block"
    ]
  },
  "result": {
    "id": "minecraft:enchanted_book",
    "components": {
      "minecraft:stored_enchantments": {
        "minecraft:impaling": 4
      }
    }
  }
}