{
  "type": "minecraft:crafting_shaped",
  "group": "enchants",
  "category": "equipment",
  "pattern": [
    "gdj",
    "ibi",
    "ddd"
  ],
  "key": {
    "d": [
      "minecraft:iron_nugget"
    ],
    "b": [
      "minecraft:book"
    ],
    "i": [
      "minecraft:coal"
    ],
    "g": [
      "minecraft:bow"
    ],
    "j": [
      "minecraft:arrow"
    ]
  },
  "result": {
    "id": "minecraft:enchanted_book",
    "components": {
      "minecraft:stored_enchantments": {
        "minecraft:power": 1
      }
    }
  }
}