{
  "type": "minecraft:crafting_shaped",
  "group": "enchants",
  "category": "equipment",
  "pattern": [
    "idf",
    "dbd",
    "fdi"
  ],
  "key": {
    "d": [
      "minecraft:diamond_block"
    ],
    "b": [
      "minecraft:book"
    ],
    "f": [
      "minecraft:diamond_chestplate",
      "minecraft:iron_chestplate"
    ],
    "i": [
      "minecraft:iron_chestplate",
      "minecraft:diamond_chestplate"
    ]
  },
  "result": {
    "id": "minecraft:enchanted_book",
    "components": {
      "minecraft:stored_enchantments": {
        "minecraft:protection": 4
      }
    }
  }
}