{
  "type": "minecraft:crafting_shaped",
  "group": "enchants",
  "category": "equipment",
  "pattern": [
    "idf",
    "dbd",
    "fdi"
  ],
  "key": {
    "d": [
      "minecraft:coal"
    ],
    "b": [
      "minecraft:book"
    ],
    "f": [
      "minecraft:iron_nugget",
      "minecraft:leather_boots"
    ],
    "i": [
      "minecraft:leather_boots",
      "minecraft:iron_nugget"
    ]
  },
  "result": {
    "id": "minecraft:enchanted_book",
    "components": {
      "minecraft:stored_enchantments": {
        "minecraft:protection": 1
      }
    }
  }
}