{
  "type": "minecraft:crafting_shaped",
  "group": "enchants",
  "category": "equipment",
  "pattern": [
    "gdj",
    "ibi",
    "wdw"
  ],
  "key": {
    "d": [
      "minecraft:iron_block"
    ],
    "b": [
      "minecraft:book"
    ],
    "i": [
      "minecraft:diamond_block"
    ],
    "g": [
      "minecraft:dark_prismarine"
    ],
    "j": [
      "minecraft:water_bucket"
    ],
    "w": [
      "minecraft:lead"
    ]
  },
  "result": {
    "id": "minecraft:enchanted_book",
    "components": {
      "minecraft:stored_enchantments": {
        "minecraft:riptide": 3
      }
    }
  }
}