{
  "type": "minecraft:crafting_shaped",
  "group": "enchants",
  "category": "equipment",
  "pattern": [
    "gdj",
    "ibi",
    "jdw"
  ],
  "key": {
    "d": [
      "minecraft:iron_ingot"
    ],
    "b": [
      "minecraft:book"
    ],
    "i": [
      "minecraft:iron_ingot"
    ],
    "g": [
      "minecraft:prismarine_shard"
    ],
    "j": [
      "minecraft:water_bucket"
    ],
    "w": [
      "minecraft:slime_ball"
    ]
  },
  "result": {
    "id": "minecraft:enchanted_book",
    "components": {
      "minecraft:stored_enchantments": {
        "minecraft:riptide": 1
      }
    }
  }
}