{
  "type": "minecraft:crafting_shaped",
  "group": "enchants",
  "category": "equipment",
  "pattern": [
    "wdw",
    "ibi",
    "wdw"
  ],
  "key": {
    "d": [
      "minecraft:iron_block"
    ],
    "b": [
      "minecraft:book"
    ],
    "i": [
      "minecraft:iron_block"
    ],
    "w": [
      "minecraft:iron_sword"
    ]
  },
  "result": {
    "id": "minecraft:enchanted_book",
    "components": {
      "minecraft:stored_enchantments": {
        "minecraft:sharpness": 3
      }
    }
  }
}