{
  "type": "minecraft:crafting_shaped",
  "group": "enchants",
  "category": "equipment",
  "pattern": [
    "ld",
    "ibi",
    "wdl"
  ],
  "key": {
    "d": [
      "minecraft:diamond"
    ],
    "b": [
      "minecraft:book"
    ],
    "i": [
      "minecraft:iron_ingot"
    ],
    "w": [
      "minecraft:iron_sword"
    ],
    "l": [
      "minecraft:skeleton_skull",
      "minecraft:creeper_head",
      "minecraft:dragon_head",
      "minecraft:piglin_head",
      "minecraft:zombie_head",
      "minecraft:wither_skeleton_skull"
    ]
  },
  "result": {
    "id": "minecraft:enchanted_book",
    "components": {
      "minecraft:stored_enchantments": {
        "minecraft:sweeping_edge": 2
      }
    }
  }
}