{
  "type": "minecraft:crafting_shaped",
  "group": "enchants",
  "category": "equipment",
  "pattern": [
    "gdg",
    "ibi",
    "jdg"
  ],
  "key": {
    "d": [
      "minecraft:iron_ingot"
    ],
    "b": [
      "minecraft:book"
    ],
    "i": [
      "minecraft:iron_ingot"
    ],
    "g": [
      "minecraft:bow"
    ],
    "j": [
      "minecraft:end_rod"
    ]
  },
  "result": {
    "id": "minecraft:enchanted_book",
    "components": {
      "minecraft:enchantments": {
        "minecraft:piercing": 2
      }
    }
  }
}