{
  "type": "minecraft:crafting_shaped",
  "group": "enchants",
  "category": "equipment",
  "pattern": [
    "idc",
    "dbd",
    "cdr"
  ],
  "key": {
    "d": [
      "minecraft:diamond_block"
    ],
    "b": [
      "minecraft:book"
    ],
    "f": [
      "minecraft:arrow"
    ],
    "i": [
      "minecraft:arrow"
    ],
    "c": [
      "minecraft:crossbow"
    ],
    "r": [
      "minecraft:bow"
    ]
  },
  "result": {
    "id": "minecraft:enchanted_book",
    "components": {
      "minecraft:enchantments": {
        "minecraft:projectile_protection": 4
      }
    }
  }
}